id;nome;email;data_nascimento
1;nephew;Karla.Melo78@live.com;2025-04-11
2;ha mild tame;Isabel_Moraes0@bol.com.br;2025-04-12
3;anxiously hidden;Emanuelly_Carvalho40@live.com;2025-04-12
4;puzzled;Aline21@hotmail.com;2025-04-12
5;pliers innocently pace;Carlos.Santos@live.com;2025-04-12
6;augment eek superior;JoaoPedro.Nogueira49@bol.com.br;2025-04-12
7;troubled;Enzo95@live.com;2025-04-12
8;cumbersome unlike huzzah;EnzoGabriel93@gmail.com;2025-04-11
9;thoroughly pfft ouch;Enzo_Reis40@hotmail.com;2025-04-12
10;kissingly reproachfully;EnzoGabriel_Macedo78@bol.com.br;2025-04-12
